{
  "firstLayout": "",
  "gdVersion": {
    "build": 99,
    "major": 4,
    "minor": 0,
    "revision": 0
  },
  "properties": {
    "adaptGameResolutionAtRuntime": true,
    "folderProject": false,
    "orientation": "landscape",
    "packageName": "com.example.gamename",
    "projectUuid": "dbf530af-3d48-45cf-9681-4deac40b5924",
    "scaleMode": "linear",
    "sizeOnStartupMode": "adaptWidth",
    "useExternalSourceFiles": false,
    "version": "1.0.0",
    "name": "Project",
    "author": "",
    "windowWidth": 800,
    "windowHeight": 600,
    "latestCompilationDirectory": "",
    "maxFPS": 60,
    "minFPS": 20,
    "verticalSync": false,
    "platformSpecificAssets": {},
    "loadingScreen": {
      "showGDevelopSplash": true
    },
    "extensionProperties": [],
    "extensions": [
      {
        "name": "BuiltinObject"
      },
      {
        "name": "BuiltinAudio"
      },
      {
        "name": "BuiltinVariables"
      },
      {
        "name": "BuiltinTime"
      },
      {
        "name": "BuiltinMouse"
      },
      {
        "name": "BuiltinKeyboard"
      },
      {
        "name": "BuiltinJoystick"
      },
      {
        "name": "BuiltinCamera"
      },
      {
        "name": "BuiltinWindow"
      },
      {
        "name": "BuiltinFile"
      },
      {
        "name": "BuiltinNetwork"
      },
      {
        "name": "BuiltinScene"
      },
      {
        "name": "BuiltinAdvanced"
      },
      {
        "name": "Sprite"
      },
      {
        "name": "BuiltinCommonInstructions"
      },
      {
        "name": "BuiltinCommonConversions"
      },
      {
        "name": "BuiltinStringInstructions"
      },
      {
        "name": "BuiltinMathematicalTools"
      },
      {
        "name": "BuiltinExternalLayouts"
      }
    ],
    "platforms": [
      {
        "name": "GDevelop JS platform"
      }
    ],
    "currentPlatform": "GDevelop JS platform"
  },
  "resources": {
    "resources": [
      {
        "alwaysLoaded": false,
        "file": "cloud2.png",
        "kind": "image",
        "metadata": "",
        "name": "cloud2.png",
        "smoothed": true,
        "userAdded": false
      },
      {
        "alwaysLoaded": false,
        "file": "grassHalfMid.png",
        "kind": "image",
        "metadata": "",
        "name": "grassHalfMid.png",
        "smoothed": true,
        "userAdded": false
      },
      {
        "alwaysLoaded": false,
        "file": "p1_stand.png",
        "kind": "image",
        "metadata": "",
        "name": "p1_stand.png",
        "smoothed": true,
        "userAdded": false
      },
      {
        "alwaysLoaded": false,
        "file": "p1_jump.png",
        "kind": "image",
        "metadata": "",
        "name": "p1_jump.png",
        "smoothed": true,
        "userAdded": true
      },
      {
        "alwaysLoaded": false,
        "file": "p1_walk03.png",
        "kind": "image",
        "metadata": "",
        "name": "p1_walk03.png",
        "smoothed": true,
        "userAdded": false
      },
      {
        "alwaysLoaded": false,
        "file": "p1_walk04.png",
        "kind": "image",
        "metadata": "",
        "name": "p1_walk04.png",
        "smoothed": true,
        "userAdded": false
      },
      {
        "alwaysLoaded": false,
        "file": "p1_walk05.png",
        "kind": "image",
        "metadata": "",
        "name": "p1_walk05.png",
        "smoothed": true,
        "userAdded": false
      },
      {
        "alwaysLoaded": false,
        "file": "p1_walk06.png",
        "kind": "image",
        "metadata": "",
        "name": "p1_walk06.png",
        "smoothed": true,
        "userAdded": false
      },
      {
        "alwaysLoaded": false,
        "file": "p1_walk07.png",
        "kind": "image",
        "metadata": "",
        "name": "p1_walk07.png",
        "smoothed": true,
        "userAdded": false
      },
      {
        "alwaysLoaded": false,
        "file": "Grass.png",
        "kind": "image",
        "metadata": "",
        "name": "Grass.png",
        "smoothed": true,
        "userAdded": false
      },
      {
        "alwaysLoaded": false,
        "file": "bridgeLogs.png",
        "kind": "image",
        "metadata": "",
        "name": "bridgeLogs.png",
        "smoothed": true,
        "userAdded": false
      },
      {
        "alwaysLoaded": false,
        "file": "bush.png",
        "kind": "image",
        "metadata": "",
        "name": "bush.png",
        "smoothed": true,
        "userAdded": false
      },
      {
        "alwaysLoaded": false,
        "file": "coinGold.png",
        "kind": "image",
        "metadata": "",
        "name": "coinGold.png",
        "smoothed": true,
        "userAdded": true
      },
      {
        "file": "coin.wav",
        "kind": "audio",
        "metadata": "",
        "name": "coin.wav",
        "preloadAsMusic": false,
        "preloadAsSound": false,
        "userAdded": true
      },
      {
        "alwaysLoaded": false,
        "file": "p1_stand2.png",
        "kind": "image",
        "metadata": "",
        "name": "p1_stand2.png",
        "smoothed": true,
        "userAdded": false
      },
      {
        "alwaysLoaded": false,
        "file": "slimeWalk1.png",
        "kind": "image",
        "metadata": "",
        "name": "slimeWalk1.png",
        "smoothed": true,
        "userAdded": false
      },
      {
        "alwaysLoaded": false,
        "file": "slimeWalk2.png",
        "kind": "image",
        "metadata": "",
        "name": "slimeWalk2.png",
        "smoothed": true,
        "userAdded": false
      },
      {
        "alwaysLoaded": false,
        "file": "Left.png",
        "kind": "image",
        "metadata": "",
        "name": "Left.png",
        "smoothed": true,
        "userAdded": false
      },
      {
        "alwaysLoaded": false,
        "file": "Right.png",
        "kind": "image",
        "metadata": "",
        "name": "Right.png",
        "smoothed": true,
        "userAdded": false
      },
      {
        "alwaysLoaded": false,
        "file": "flagYellowHanging.png",
        "kind": "image",
        "metadata": "",
        "name": "flagYellowHanging.png",
        "smoothed": true,
        "userAdded": true
      },
      {
        "alwaysLoaded": false,
        "file": "flagYellow2.png",
        "kind": "image",
        "metadata": "",
        "name": "flagYellow2.png",
        "smoothed": true,
        "userAdded": true
      },
      {
        "alwaysLoaded": false,
        "file": "flagYellowHanging2.png",
        "kind": "image",
        "metadata": "",
        "name": "flagYellowHanging2.png",
        "smoothed": true,
        "userAdded": true
      },
      {
        "alwaysLoaded": false,
        "file": "flagYellow.png",
        "kind": "image",
        "metadata": "",
        "name": "flagYellow.png",
        "smoothed": true,
        "userAdded": true
      },
      {
        "alwaysLoaded": false,
        "file": "flagYellow22.png",
        "kind": "image",
        "metadata": "",
        "name": "flagYellow22.png",
        "smoothed": true,
        "userAdded": true
      },
      {
        "alwaysLoaded": false,
        "file": "cloud22.png",
        "kind": "image",
        "metadata": "",
        "name": "cloud22.png",
        "smoothed": true,
        "userAdded": true
      }
    ],
    "resourceFolders": []
  },
  "objects": [
    {
      "name": "Astronauta",
      "tags": "",
      "type": "Sprite",
      "updateIfNotVisible": false,
      "variables": [],
      "behaviors": [
        {
          "name": "PlatformerObject",
          "type": "PlatformBehavior::PlatformerObjectBehavior",
          "acceleration": 1500,
          "canGrabPlatforms": false,
          "deceleration": 1500,
          "gravity": 1000,
          "ignoreDefaultControls": false,
          "jumpSpeed": 600,
          "jumpSustainTime": 0.2,
          "ladderClimbingSpeed": 150,
          "maxFallingSpeed": 700,
          "maxSpeed": 250,
          "roundCoordinates": true,
          "slopeMaxAngle": 60,
          "xGrabTolerance": 10,
          "yGrabOffset": 0
        }
      ],
      "animations": [
        {
          "name": "Parado",
          "useMultipleDirections": false,
          "directions": [
            {
              "looping": false,
              "timeBetweenFrames": 0.08,
              "sprites": [
                {
                  "hasCustomCollisionMask": false,
                  "image": "p1_stand.png",
                  "points": [],
                  "originPoint": {
                    "name": "origine",
                    "x": 0,
                    "y": 0
                  },
                  "centerPoint": {
                    "automatic": true,
                    "name": "centre",
                    "x": 0,
                    "y": 0
                  },
                  "customCollisionMask": []
                }
              ]
            }
          ]
        },
        {
          "name": "Pulando",
          "useMultipleDirections": false,
          "directions": [
            {
              "looping": false,
              "timeBetweenFrames": 0.08,
              "sprites": [
                {
                  "hasCustomCollisionMask": false,
                  "image": "p1_jump.png",
                  "points": [],
                  "originPoint": {
                    "name": "origine",
                    "x": 0,
                    "y": 0
                  },
                  "centerPoint": {
                    "automatic": true,
                    "name": "centre",
                    "x": 0,
                    "y": 0
                  },
                  "customCollisionMask": []
                }
              ]
            }
          ]
        },
        {
          "name": "Andando",
          "useMultipleDirections": false,
          "directions": [
            {
              "looping": true,
              "timeBetweenFrames": 0.08,
              "sprites": [
                {
                  "hasCustomCollisionMask": false,
                  "image": "p1_walk03.png",
                  "points": [],
                  "originPoint": {
                    "name": "origine",
                    "x": 0,
                    "y": 0
                  },
                  "centerPoint": {
                    "automatic": true,
                    "name": "centre",
                    "x": 0,
                    "y": 0
                  },
                  "customCollisionMask": []
                },
                {
                  "hasCustomCollisionMask": false,
                  "image": "p1_walk04.png",
                  "points": [],
                  "originPoint": {
                    "name": "origine",
                    "x": 0,
                    "y": 0
                  },
                  "centerPoint": {
                    "automatic": true,
                    "name": "centre",
                    "x": 0,
                    "y": 0
                  },
                  "customCollisionMask": []
                },
                {
                  "hasCustomCollisionMask": false,
                  "image": "p1_walk05.png",
                  "points": [],
                  "originPoint": {
                    "name": "origine",
                    "x": 0,
                    "y": 0
                  },
                  "centerPoint": {
                    "automatic": true,
                    "name": "centre",
                    "x": 0,
                    "y": 0
                  },
                  "customCollisionMask": []
                },
                {
                  "hasCustomCollisionMask": false,
                  "image": "p1_walk06.png",
                  "points": [],
                  "originPoint": {
                    "name": "origine",
                    "x": 0,
                    "y": 0
                  },
                  "centerPoint": {
                    "automatic": true,
                    "name": "centre",
                    "x": 0,
                    "y": 0
                  },
                  "customCollisionMask": []
                },
                {
                  "hasCustomCollisionMask": false,
                  "image": "p1_walk07.png",
                  "points": [],
                  "originPoint": {
                    "name": "origine",
                    "x": 0,
                    "y": 0
                  },
                  "centerPoint": {
                    "automatic": true,
                    "name": "centre",
                    "x": 0,
                    "y": 0
                  },
                  "customCollisionMask": []
                }
              ]
            }
          ]
        }
      ]
    }
  ],
  "objectsGroups": [],
  "variables": [],
  "layouts": [
    {
      "b": 226,
      "disableInputWhenNotFocused": true,
      "mangledName": "Hello",
      "name": "Hello",
      "oglFOV": 90,
      "oglZFar": 500,
      "oglZNear": 1,
      "r": 74,
      "standardSortMethod": true,
      "stopSoundsOnStartup": true,
      "title": "Meu primeiro jogo",
      "v": 144,
      "uiSettings": {
        "grid": false,
        "gridB": 255,
        "gridG": 180,
        "gridHeight": 32,
        "gridOffsetX": 0,
        "gridOffsetY": 0,
        "gridR": 158,
        "gridType": "rectangular",
        "gridWidth": 32,
        "snap": true,
        "windowMask": false,
        "zoomFactor": 0.6319999999999997
      },
      "objectsGroups": [],
      "variables": [
        {
          "name": "Placar",
          "type": "string",
          "value": ""
        }
      ],
      "instances": [
        {
          "angle": 0,
          "customSize": false,
          "height": 0,
          "layer": "",
          "locked": false,
          "name": "Nuvem",
          "persistentUuid": "0c624320-1f20-43ce-b75c-11d47f07e862",
          "width": 0,
          "x": 0,
          "y": 0,
          "zOrder": 1,
          "numberProperties": [],
          "stringProperties": [],
          "initialVariables": []
        },
        {
          "angle": 0,
          "customSize": false,
          "height": 0,
          "layer": "",
          "locked": false,
          "name": "Nuvem",
          "persistentUuid": "ac734136-ffd3-42f8-a3a7-a202d851ec7e",
          "width": 0,
          "x": 163,
          "y": 106,
          "zOrder": 2,
          "numberProperties": [],
          "stringProperties": [],
          "initialVariables": []
        },
        {
          "angle": 0,
          "customSize": false,
          "height": 0,
          "layer": "",
          "locked": false,
          "name": "Nuvem",
          "persistentUuid": "9bc47385-db31-4349-84c9-dfaebce8728d",
          "width": 0,
          "x": 328,
          "y": 0,
          "zOrder": 3,
          "numberProperties": [],
          "stringProperties": [],
          "initialVariables": []
        },
        {
          "angle": 0,
          "customSize": false,
          "height": 0,
          "layer": "",
          "locked": false,
          "name": "Nuvem",
          "persistentUuid": "4f9e22ef-7182-4969-ac3f-2e1f8a02dc96",
          "width": 0,
          "x": 486,
          "y": 106,
          "zOrder": 4,
          "numberProperties": [],
          "stringProperties": [],
          "initialVariables": []
        },
        {
          "angle": 0,
          "customSize": false,
          "height": 0,
          "layer": "",
          "locked": false,
          "name": "Nuvem",
          "persistentUuid": "9c319621-beb3-4599-aae0-ab05bedb8cdb",
          "width": 0,
          "x": 656,
          "y": 3,
          "zOrder": 5,
          "numberProperties": [],
          "stringProperties": [],
          "initialVariables": []
        },
        {
          "angle": 0,
          "customSize": true,
          "height": 41,
          "layer": "",
          "locked": false,
          "name": "Chao",
          "persistentUuid": "8d592868-13da-4a1c-9d0f-9c8f1e97f76e",
          "width": 666,
          "x": 0,
          "y": 558,
          "zOrder": 6,
          "numberProperties": [],
          "stringProperties": [],
          "initialVariables": [
            {
              "name": "Variable",
              "type": "string",
              "value": ""
            }
          ]
        },
        {
          "angle": 0,
          "customSize": false,
          "height": 0,
          "layer": "",
          "locked": false,
          "name": "Astronauta",
          "persistentUuid": "a0d53dd7-3d87-438e-af03-1fbc5aba4737",
          "width": 0,
          "x": 5,
          "y": 346,
          "zOrder": 7,
          "numberProperties": [],
          "stringProperties": [],
          "initialVariables": []
        },
        {
          "angle": 0,
          "customSize": false,
          "height": 0,
          "layer": "",
          "locked": false,
          "name": "BlocoGrama",
          "persistentUuid": "1bdc57ad-24bc-4f72-b5d4-31983487dbde",
          "width": 0,
          "x": 679,
          "y": 480,
          "zOrder": 8,
          "numberProperties": [],
          "stringProperties": [],
          "initialVariables": []
        },
        {
          "angle": 0,
          "customSize": false,
          "height": 0,
          "layer": "",
          "locked": false,
          "name": "BlocoGrama",
          "persistentUuid": "3ca0b15b-f250-4f77-80ac-df42fdcc69e0",
          "width": 0,
          "x": 766,
          "y": 402,
          "zOrder": 9,
          "numberProperties": [],
          "stringProperties": [],
          "initialVariables": []
        },
        {
          "angle": 0,
          "customSize": true,
          "height": 70,
          "layer": "",
          "locked": false,
          "name": "BlocoGrama",
          "persistentUuid": "d28c7e85-0cbb-4ce2-b98b-246b34b4c6e3",
          "width": 210,
          "x": 863,
          "y": 331,
          "zOrder": 10,
          "numberProperties": [],
          "stringProperties": [],
          "initialVariables": []
        },
        {
          "angle": 0,
          "customSize": true,
          "height": 24,
          "layer": "",
          "locked": false,
          "name": "BlocoPedras",
          "persistentUuid": "a382d37a-bb18-4e8d-9030-5dbf9726cf37",
          "width": 210,
          "x": 868,
          "y": 196,
          "zOrder": 12,
          "numberProperties": [],
          "stringProperties": [],
          "initialVariables": []
        },
        {
          "angle": 0,
          "customSize": true,
          "height": 68,
          "layer": "",
          "locked": false,
          "name": "Moita",
          "persistentUuid": "6ccadaea-189b-4274-8a0d-d77c6cd83f8b",
          "width": 70,
          "x": 186,
          "y": 496,
          "zOrder": 5,
          "numberProperties": [],
          "stringProperties": [],
          "initialVariables": []
        },
        {
          "angle": 0,
          "customSize": true,
          "height": 70,
          "layer": "",
          "locked": false,
          "name": "Moita",
          "persistentUuid": "5608688c-dbd9-4021-a88c-c6d5868a8013",
          "width": 210,
          "x": 413,
          "y": 496,
          "zOrder": 14,
          "numberProperties": [],
          "stringProperties": [],
          "initialVariables": []
        },
        {
          "angle": 0,
          "customSize": false,
          "height": 0,
          "layer": "",
          "locked": false,
          "name": "Nuvem",
          "persistentUuid": "b2337187-4b22-445e-ade7-c1be43758c0c",
          "width": 0,
          "x": 775,
          "y": 106,
          "zOrder": 5,
          "numberProperties": [],
          "stringProperties": [],
          "initialVariables": []
        },
        {
          "angle": 0,
          "customSize": false,
          "height": 0,
          "layer": "",
          "locked": false,
          "name": "Moeda",
          "persistentUuid": "3067e39b-42df-4e84-a42e-cf847f32908c",
          "width": 0,
          "x": 1019,
          "y": 86,
          "zOrder": 15,
          "numberProperties": [],
          "stringProperties": [],
          "initialVariables": []
        },
        {
          "angle": 0,
          "customSize": false,
          "height": 0,
          "layer": "",
          "locked": false,
          "name": "Moeda",
          "persistentUuid": "78ecb63a-9e7e-4d8a-a79c-299803c02125",
          "width": 0,
          "x": 575,
          "y": 370,
          "zOrder": 16,
          "numberProperties": [],
          "stringProperties": [],
          "initialVariables": []
        },
        {
          "angle": 0,
          "customSize": false,
          "height": 0,
          "layer": "",
          "locked": false,
          "name": "Moeda",
          "persistentUuid": "b279218b-4fc4-40ba-941d-9674b9190cf8",
          "width": 0,
          "x": 902,
          "y": 29,
          "zOrder": 15,
          "numberProperties": [],
          "stringProperties": [],
          "initialVariables": []
        },
        {
          "angle": 0,
          "customSize": false,
          "height": 0,
          "layer": "",
          "locked": false,
          "name": "Moeda",
          "persistentUuid": "9859af60-f545-4978-9b3c-2c4aae67191c",
          "width": 0,
          "x": 787,
          "y": 230,
          "zOrder": 15,
          "numberProperties": [],
          "stringProperties": [],
          "initialVariables": []
        },
        {
          "angle": 0,
          "customSize": false,
          "height": 0,
          "layer": "",
          "locked": false,
          "name": "Moeda",
          "persistentUuid": "07caf9eb-f988-41da-aa2c-8f36ef7564e9",
          "width": 0,
          "x": 139,
          "y": 370,
          "zOrder": 15,
          "numberProperties": [],
          "stringProperties": [],
          "initialVariables": []
        },
        {
          "angle": 0,
          "customSize": false,
          "height": 0,
          "layer": "",
          "locked": false,
          "name": "Moeda",
          "persistentUuid": "114d493a-7dfc-40c2-8d83-97578ff218b8",
          "width": 0,
          "x": 268,
          "y": 370,
          "zOrder": 15,
          "numberProperties": [],
          "stringProperties": [],
          "initialVariables": []
        },
        {
          "angle": 0,
          "customSize": false,
          "height": 0,
          "layer": "",
          "locked": false,
          "name": "Moeda",
          "persistentUuid": "c493a5f7-3e68-4ab1-8849-11c862c88480",
          "width": 0,
          "x": 413,
          "y": 370,
          "zOrder": 15,
          "numberProperties": [],
          "stringProperties": [],
          "initialVariables": []
        },
        {
          "angle": 0,
          "customSize": false,
          "height": 0,
          "layer": "",
          "locked": false,
          "name": "Moeda",
          "persistentUuid": "8db5dd62-8356-4487-93c4-7d25469ba463",
          "width": 0,
          "x": 691,
          "y": 300,
          "zOrder": 15,
          "numberProperties": [],
          "stringProperties": [],
          "initialVariables": []
        },
        {
          "angle": 0,
          "customSize": false,
          "height": 0,
          "layer": "Camada placar",
          "locked": false,
          "name": "Placar",
          "persistentUuid": "1223d645-a4d0-45e2-bbcf-c8285b252613",
          "width": 0,
          "x": 0,
          "y": 0,
          "zOrder": 17,
          "numberProperties": [],
          "stringProperties": [],
          "initialVariables": []
        }
      ],
      "objects": [
        {
          "name": "Nuvem",
          "tags": "",
          "type": "Sprite",
          "updateIfNotVisible": false,
          "variables": [],
          "behaviors": [],
          "animations": [
            {
              "name": "",
              "useMultipleDirections": false,
              "directions": [
                {
                  "looping": false,
                  "timeBetweenFrames": 0.08,
                  "sprites": [
                    {
                      "hasCustomCollisionMask": false,
                      "image": "cloud2.png",
                      "points": [],
                      "originPoint": {
                        "name": "origine",
                        "x": 0,
                        "y": 0
                      },
                      "centerPoint": {
                        "automatic": true,
                        "name": "centre",
                        "x": 0,
                        "y": 0
                      },
                      "customCollisionMask": []
                    }
                  ]
                }
              ]
            }
          ]
        },
        {
          "height": 70,
          "name": "Chao",
          "tags": "",
          "texture": "grassHalfMid.png",
          "type": "TiledSpriteObject::TiledSprite",
          "width": 70,
          "variables": [],
          "behaviors": [
            {
              "name": "Platform",
              "type": "PlatformBehavior::PlatformBehavior",
              "canBeGrabbed": true,
              "platformType": "NormalPlatform",
              "yGrabOffset": 0
            }
          ]
        },
        {
          "height": 70,
          "name": "BlocoGrama",
          "tags": "",
          "texture": "Grass.png",
          "type": "TiledSpriteObject::TiledSprite",
          "width": 70,
          "variables": [],
          "behaviors": [
            {
              "canBeGrabbed": true,
              "name": "Platform",
              "platformType": "NormalPlatform",
              "type": "PlatformBehavior::PlatformBehavior",
              "yGrabOffset": 0
            }
          ]
        },
        {
          "height": 24,
          "name": "BlocoPedras",
          "tags": "",
          "texture": "bridgeLogs.png",
          "type": "TiledSpriteObject::TiledSprite",
          "width": 70,
          "variables": [],
          "behaviors": [
            {
              "canBeGrabbed": true,
              "name": "Platform",
              "platformType": "Jumpthru",
              "type": "PlatformBehavior::PlatformBehavior",
              "yGrabOffset": 0
            }
          ]
        },
        {
          "height": 70,
          "name": "Moita",
          "tags": "",
          "texture": "bush.png",
          "type": "TiledSpriteObject::TiledSprite",
          "width": 70,
          "variables": [],
          "behaviors": []
        },
        {
          "name": "Moeda",
          "tags": "",
          "type": "Sprite",
          "updateIfNotVisible": false,
          "variables": [],
          "behaviors": [],
          "animations": [
            {
              "name": "",
              "useMultipleDirections": false,
              "directions": [
                {
                  "looping": false,
                  "timeBetweenFrames": 0.08,
                  "sprites": [
                    {
                      "hasCustomCollisionMask": false,
                      "image": "coinGold.png",
                      "points": [],
                      "originPoint": {
                        "name": "origine",
                        "x": 0,
                        "y": 0
                      },
                      "centerPoint": {
                        "automatic": true,
                        "name": "centre",
                        "x": 0,
                        "y": 0
                      },
                      "customCollisionMask": []
                    }
                  ]
                }
              ]
            }
          ]
        },
        {
          "bold": true,
          "italic": false,
          "name": "Placar",
          "smoothed": true,
          "tags": "",
          "type": "TextObject::Text",
          "underlined": false,
          "variables": [],
          "behaviors": [],
          "string": "Placar: 0",
          "font": "",
          "characterSize": 30,
          "color": {
            "b": 254,
            "g": 19,
            "r": 144
          }
        }
      ],
      "events": [
        {
          "disabled": false,
          "folded": false,
          "type": "BuiltinCommonInstructions::Standard",
          "conditions": [],
          "actions": [
            {
              "type": {
                "inverted": false,
                "value": "SetCameraX"
              },
              "parameters": [
                "",
                "=",
                "Astronauta.X()",
                "",
                ""
              ],
              "subInstructions": []
            }
          ],
          "events": []
        },
        {
          "disabled": false,
          "folded": false,
          "type": "BuiltinCommonInstructions::Standard",
          "conditions": [
            {
              "type": {
                "inverted": false,
                "value": "CollisionNP"
              },
              "parameters": [
                "Astronauta",
                "Moeda",
                "",
                "",
                ""
              ],
              "subInstructions": []
            }
          ],
          "actions": [
            {
              "type": {
                "inverted": false,
                "value": "Delete"
              },
              "parameters": [
                "Moeda",
                ""
              ],
              "subInstructions": []
            },
            {
              "type": {
                "inverted": false,
                "value": "PlaySound"
              },
              "parameters": [
                "",
                "coin.wav",
                "",
                "50",
                ""
              ],
              "subInstructions": []
            },
            {
              "type": {
                "inverted": false,
                "value": "ModVarScene"
              },
              "parameters": [
                "Placar",
                "+",
                "100"
              ],
              "subInstructions": []
            }
          ],
          "events": []
        },
        {
          "disabled": false,
          "folded": false,
          "type": "BuiltinCommonInstructions::Standard",
          "conditions": [
            {
              "type": {
                "inverted": false,
                "value": "DepartScene"
              },
              "parameters": [
                ""
              ],
              "subInstructions": []
            }
          ],
          "actions": [
            {
              "type": {
                "inverted": false,
                "value": "PlaySound"
              },
              "parameters": [
                "",
                "coin.wav",
                "",
                "0",
                ""
              ],
              "subInstructions": []
            }
          ],
          "events": []
        },
        {
          "disabled": false,
          "folded": false,
          "type": "BuiltinCommonInstructions::Link",
          "include": {
            "includeConfig": 0
          },
          "target": "AstronautaAnimacao"
        },
        {
          "disabled": false,
          "folded": false,
          "type": "BuiltinCommonInstructions::Standard",
          "conditions": [
            {
              "type": {
                "inverted": false,
                "value": "PosY"
              },
              "parameters": [
                "Astronauta",
                ">",
                "SceneWindowHeight()"
              ],
              "subInstructions": []
            }
          ],
          "actions": [
            {
              "type": {
                "inverted": false,
                "value": "Scene"
              },
              "parameters": [
                "",
                "\"Fase2\"",
                ""
              ],
              "subInstructions": []
            }
          ],
          "events": []
        }
      ],
      "layers": [
        {
          "ambientLightColorB": 36,
          "ambientLightColorG": 7337152,
          "ambientLightColorR": 32,
          "followBaseLayerCamera": false,
          "isLightingLayer": false,
          "name": "",
          "visibility": true,
          "cameras": [
            {
              "defaultSize": true,
              "defaultViewport": true,
              "height": 0,
              "viewportBottom": 1,
              "viewportLeft": 0,
              "viewportRight": 1,
              "viewportTop": 0,
              "width": 0
            }
          ],
          "effects": []
        },
        {
          "ambientLightColorB": 1702453580,
          "ambientLightColorG": 0,
          "ambientLightColorR": 2,
          "followBaseLayerCamera": false,
          "isLightingLayer": false,
          "name": "Camada placar",
          "visibility": true,
          "cameras": [],
          "effects": []
        }
      ],
      "behaviorsSharedData": [
        {
          "name": "Platform",
          "type": "PlatformBehavior::PlatformBehavior"
        },
        {
          "name": "PlatformerObject",
          "type": "PlatformBehavior::PlatformerObjectBehavior"
        }
      ]
    },
    {
      "b": 226,
      "disableInputWhenNotFocused": true,
      "mangledName": "Fase2",
      "name": "Fase2",
      "oglFOV": 90,
      "oglZFar": 500,
      "oglZNear": 1,
      "r": 74,
      "standardSortMethod": true,
      "stopSoundsOnStartup": true,
      "title": "Fase2",
      "v": 144,
      "uiSettings": {
        "grid": false,
        "gridB": 255,
        "gridG": 180,
        "gridHeight": 32,
        "gridOffsetX": 0,
        "gridOffsetY": 0,
        "gridR": 158,
        "gridType": "rectangular",
        "gridWidth": 32,
        "snap": true,
        "windowMask": false,
        "zoomFactor": 1
      },
      "objectsGroups": [],
      "variables": [],
      "instances": [
        {
          "angle": 0,
          "customSize": true,
          "height": 42,
          "layer": "",
          "locked": false,
          "name": "Grama",
          "persistentUuid": "56f62d92-8da0-4fd1-80db-4c6030fb599b",
          "width": 800,
          "x": 0,
          "y": 561,
          "zOrder": 1,
          "numberProperties": [],
          "stringProperties": [],
          "initialVariables": []
        },
        {
          "angle": 0,
          "customSize": false,
          "height": 0,
          "layer": "",
          "locked": false,
          "name": "Astronauta",
          "persistentUuid": "3220b175-7d75-49c4-9737-7c2680addf7d",
          "width": 0,
          "x": 2,
          "y": 473,
          "zOrder": 2,
          "numberProperties": [],
          "stringProperties": [],
          "initialVariables": []
        },
        {
          "angle": 0,
          "customSize": false,
          "height": 0,
          "layer": "",
          "locked": false,
          "name": "Slime",
          "persistentUuid": "744c6726-eb56-4e99-a15e-f35a879b322b",
          "width": 0,
          "x": 347,
          "y": 538,
          "zOrder": 3,
          "numberProperties": [],
          "stringProperties": [],
          "initialVariables": [
            {
              "name": "Direcao",
              "type": "string",
              "value": "esquerda"
            }
          ]
        },
        {
          "angle": 0,
          "customSize": false,
          "height": 0,
          "layer": "",
          "locked": false,
          "name": "SetaEsquerda",
          "persistentUuid": "3c93cc3f-a513-413f-8231-8c62e6874b91",
          "width": 0,
          "x": 604,
          "y": 542,
          "zOrder": 4,
          "numberProperties": [],
          "stringProperties": [],
          "initialVariables": []
        },
        {
          "angle": 0,
          "customSize": false,
          "height": 0,
          "layer": "",
          "locked": false,
          "name": "SetaDireita",
          "persistentUuid": "1c59fddf-c601-4290-9ba4-2c34d1311b0e",
          "width": 0,
          "x": 215,
          "y": 540,
          "zOrder": 5,
          "numberProperties": [],
          "stringProperties": [],
          "initialVariables": []
        },
        {
          "angle": 0,
          "customSize": true,
          "height": 43,
          "layer": "",
          "locked": false,
          "name": "Checkpoint",
          "persistentUuid": "471669bd-da1a-4d5b-8379-ae054ad72e3e",
          "width": 42,
          "x": 99,
          "y": 519,
          "zOrder": 6,
          "numberProperties": [],
          "stringProperties": [],
          "initialVariables": [
            {
              "name": "checkpointX",
              "type": "string",
              "value": ""
            },
            {
              "name": "checkpointY",
              "type": "string",
              "value": ""
            }
          ]
        },
        {
          "angle": 0,
          "customSize": false,
          "height": 0,
          "layer": "",
          "locked": false,
          "name": "Nuvem",
          "persistentUuid": "7d553078-efc4-40d5-b2f5-d2cbeed5ff28",
          "width": 0,
          "x": 2,
          "y": 6,
          "zOrder": 7,
          "numberProperties": [],
          "stringProperties": [],
          "initialVariables": []
        },
        {
          "angle": 0,
          "customSize": false,
          "height": 0,
          "layer": "",
          "locked": false,
          "name": "Nuvem",
          "persistentUuid": "11584633-878e-4209-ad1d-9d37e6d4cab4",
          "width": 0,
          "x": 173,
          "y": 80,
          "zOrder": 8,
          "numberProperties": [],
          "stringProperties": [],
          "initialVariables": []
        },
        {
          "angle": 0,
          "customSize": false,
          "height": 0,
          "layer": "",
          "locked": false,
          "name": "Nuvem",
          "persistentUuid": "192f8f38-25a4-4759-bdea-2e98335f6a54",
          "width": 0,
          "x": 344,
          "y": 13,
          "zOrder": 9,
          "numberProperties": [],
          "stringProperties": [],
          "initialVariables": []
        },
        {
          "angle": 0,
          "customSize": false,
          "height": 0,
          "layer": "",
          "locked": false,
          "name": "Nuvem",
          "persistentUuid": "2123dd42-f6fa-45ff-ac57-bd83e663d3c2",
          "width": 0,
          "x": 590,
          "y": 79,
          "zOrder": 10,
          "numberProperties": [],
          "stringProperties": [],
          "initialVariables": []
        }
      ],
      "objects": [
        {
          "height": 70,
          "name": "Grama",
          "tags": "",
          "texture": "grassHalfMid.png",
          "type": "TiledSpriteObject::TiledSprite",
          "width": 70,
          "variables": [],
          "behaviors": [
            {
              "canBeGrabbed": true,
              "name": "Platform",
              "platformType": "NormalPlatform",
              "type": "PlatformBehavior::PlatformBehavior",
              "yGrabOffset": 0
            }
          ]
        },
        {
          "name": "Slime",
          "tags": "",
          "type": "Sprite",
          "updateIfNotVisible": false,
          "variables": [
            {
              "name": "Direcao",
              "type": "string",
              "value": "Esquerda"
            }
          ],
          "behaviors": [],
          "animations": [
            {
              "name": "",
              "useMultipleDirections": false,
              "directions": [
                {
                  "looping": true,
                  "timeBetweenFrames": 0.20000000298023224,
                  "sprites": [
                    {
                      "hasCustomCollisionMask": false,
                      "image": "slimeWalk1.png",
                      "points": [],
                      "originPoint": {
                        "name": "origine",
                        "x": 0,
                        "y": 0
                      },
                      "centerPoint": {
                        "automatic": true,
                        "name": "centre",
                        "x": 0,
                        "y": 0
                      },
                      "customCollisionMask": []
                    },
                    {
                      "hasCustomCollisionMask": false,
                      "image": "slimeWalk2.png",
                      "points": [],
                      "originPoint": {
                        "name": "origine",
                        "x": 0,
                        "y": 0
                      },
                      "centerPoint": {
                        "automatic": true,
                        "name": "centre",
                        "x": 0,
                        "y": 0
                      },
                      "customCollisionMask": []
                    }
                  ]
                }
              ]
            }
          ]
        },
        {
          "name": "SetaEsquerda",
          "tags": "",
          "type": "Sprite",
          "updateIfNotVisible": false,
          "variables": [],
          "behaviors": [],
          "animations": [
            {
              "name": "",
              "useMultipleDirections": false,
              "directions": [
                {
                  "looping": false,
                  "timeBetweenFrames": 0.08,
                  "sprites": [
                    {
                      "hasCustomCollisionMask": false,
                      "image": "Left.png",
                      "points": [],
                      "originPoint": {
                        "name": "origine",
                        "x": 0,
                        "y": 0
                      },
                      "centerPoint": {
                        "automatic": true,
                        "name": "centre",
                        "x": 0,
                        "y": 0
                      },
                      "customCollisionMask": []
                    }
                  ]
                }
              ]
            }
          ]
        },
        {
          "name": "SetaDireita",
          "tags": "",
          "type": "Sprite",
          "updateIfNotVisible": false,
          "variables": [],
          "behaviors": [],
          "animations": [
            {
              "name": "",
              "useMultipleDirections": false,
              "directions": [
                {
                  "looping": false,
                  "timeBetweenFrames": 0.08,
                  "sprites": [
                    {
                      "hasCustomCollisionMask": false,
                      "image": "Right.png",
                      "points": [],
                      "originPoint": {
                        "name": "origine",
                        "x": 0,
                        "y": 0
                      },
                      "centerPoint": {
                        "automatic": true,
                        "name": "centre",
                        "x": 0,
                        "y": 0
                      },
                      "customCollisionMask": []
                    }
                  ]
                }
              ]
            }
          ]
        },
        {
          "name": "Checkpoint",
          "tags": "",
          "type": "Sprite",
          "updateIfNotVisible": false,
          "variables": [],
          "behaviors": [],
          "animations": [
            {
              "name": "Baixo",
              "useMultipleDirections": false,
              "directions": [
                {
                  "looping": false,
                  "timeBetweenFrames": 0.08,
                  "sprites": [
                    {
                      "hasCustomCollisionMask": false,
                      "image": "flagYellowHanging2.png",
                      "points": [],
                      "originPoint": {
                        "name": "origine",
                        "x": 0,
                        "y": 0
                      },
                      "centerPoint": {
                        "automatic": true,
                        "name": "centre",
                        "x": 0,
                        "y": 0
                      },
                      "customCollisionMask": []
                    }
                  ]
                }
              ]
            },
            {
              "name": "Levantado",
              "useMultipleDirections": false,
              "directions": [
                {
                  "looping": true,
                  "timeBetweenFrames": 0.20000000298023224,
                  "sprites": [
                    {
                      "hasCustomCollisionMask": false,
                      "image": "flagYellow.png",
                      "points": [],
                      "originPoint": {
                        "name": "origine",
                        "x": 0,
                        "y": 0
                      },
                      "centerPoint": {
                        "automatic": true,
                        "name": "centre",
                        "x": 0,
                        "y": 0
                      },
                      "customCollisionMask": []
                    },
                    {
                      "hasCustomCollisionMask": false,
                      "image": "flagYellow22.png",
                      "points": [],
                      "originPoint": {
                        "name": "origine",
                        "x": 0,
                        "y": 0
                      },
                      "centerPoint": {
                        "automatic": true,
                        "name": "centre",
                        "x": 0,
                        "y": 0
                      },
                      "customCollisionMask": []
                    }
                  ]
                }
              ]
            }
          ]
        },
        {
          "name": "Nuvem",
          "tags": "",
          "type": "Sprite",
          "updateIfNotVisible": false,
          "variables": [],
          "behaviors": [],
          "animations": [
            {
              "name": "",
              "useMultipleDirections": false,
              "directions": [
                {
                  "looping": false,
                  "timeBetweenFrames": 0.08,
                  "sprites": [
                    {
                      "hasCustomCollisionMask": false,
                      "image": "cloud22.png",
                      "points": [],
                      "originPoint": {
                        "name": "origine",
                        "x": 0,
                        "y": 0
                      },
                      "centerPoint": {
                        "automatic": true,
                        "name": "centre",
                        "x": 0,
                        "y": 0
                      },
                      "customCollisionMask": []
                    }
                  ]
                }
              ]
            }
          ]
        }
      ],
      "events": [
        {
          "disabled": false,
          "folded": false,
          "type": "BuiltinCommonInstructions::Link",
          "include": {
            "includeConfig": 0
          },
          "target": "AstronautaAnimacao"
        },
        {
          "disabled": false,
          "folded": false,
          "type": "BuiltinCommonInstructions::Standard",
          "conditions": [
            {
              "type": {
                "inverted": false,
                "value": "DepartScene"
              },
              "parameters": [
                ""
              ],
              "subInstructions": []
            }
          ],
          "actions": [
            {
              "type": {
                "inverted": false,
                "value": "Cache"
              },
              "parameters": [
                "SetaDireita"
              ],
              "subInstructions": []
            },
            {
              "type": {
                "inverted": false,
                "value": "Cache"
              },
              "parameters": [
                "SetaEsquerda"
              ],
              "subInstructions": []
            }
          ],
          "events": []
        },
        {
          "disabled": false,
          "folded": false,
          "type": "BuiltinCommonInstructions::Standard",
          "conditions": [
            {
              "type": {
                "inverted": false,
                "value": "VarObjetTxt"
              },
              "parameters": [
                "Slime",
                "Direcao",
                "=",
                "\"esquerda\""
              ],
              "subInstructions": []
            }
          ],
          "actions": [
            {
              "type": {
                "inverted": false,
                "value": "AddForceAL"
              },
              "parameters": [
                "Slime",
                "180",
                "100",
                ""
              ],
              "subInstructions": []
            },
            {
              "type": {
                "inverted": false,
                "value": "FlipX"
              },
              "parameters": [
                "Slime",
                "no"
              ],
              "subInstructions": []
            }
          ],
          "events": []
        },
        {
          "disabled": false,
          "folded": false,
          "type": "BuiltinCommonInstructions::Standard",
          "conditions": [
            {
              "type": {
                "inverted": false,
                "value": "CollisionNP"
              },
              "parameters": [
                "Slime",
                "SetaDireita",
                "",
                "",
                ""
              ],
              "subInstructions": []
            }
          ],
          "actions": [
            {
              "type": {
                "inverted": false,
                "value": "ModVarObjetTxt"
              },
              "parameters": [
                "Slime",
                "Direcao",
                "=",
                "\"direita\""
              ],
              "subInstructions": []
            }
          ],
          "events": []
        },
        {
          "disabled": false,
          "folded": false,
          "type": "BuiltinCommonInstructions::Standard",
          "conditions": [
            {
              "type": {
                "inverted": false,
                "value": "VarObjetTxt"
              },
              "parameters": [
                "Slime",
                "Direcao",
                "=",
                "\"direita\""
              ],
              "subInstructions": []
            }
          ],
          "actions": [
            {
              "type": {
                "inverted": false,
                "value": "AddForceAL"
              },
              "parameters": [
                "Slime",
                "0",
                "100",
                ""
              ],
              "subInstructions": []
            },
            {
              "type": {
                "inverted": false,
                "value": "FlipX"
              },
              "parameters": [
                "Slime",
                "yes"
              ],
              "subInstructions": []
            }
          ],
          "events": []
        },
        {
          "disabled": false,
          "folded": false,
          "type": "BuiltinCommonInstructions::Standard",
          "conditions": [
            {
              "type": {
                "inverted": false,
                "value": "CollisionNP"
              },
              "parameters": [
                "Slime",
                "SetaEsquerda",
                "",
                "",
                ""
              ],
              "subInstructions": []
            }
          ],
          "actions": [
            {
              "type": {
                "inverted": false,
                "value": "ModVarObjetTxt"
              },
              "parameters": [
                "Slime",
                "Direcao",
                "=",
                "\"esquerda\""
              ],
              "subInstructions": []
            }
          ],
          "events": []
        },
        {
          "disabled": false,
          "folded": false,
          "type": "BuiltinCommonInstructions::Standard",
          "conditions": [
            {
              "type": {
                "inverted": false,
                "value": "PlatformBehavior::IsFalling"
              },
              "parameters": [
                "Astronauta",
                "PlatformerObject"
              ],
              "subInstructions": []
            },
            {
              "type": {
                "inverted": false,
                "value": "CollisionNP"
              },
              "parameters": [
                "Astronauta",
                "Slime",
                "",
                "",
                ""
              ],
              "subInstructions": []
            }
          ],
          "actions": [
            {
              "type": {
                "inverted": false,
                "value": "Delete"
              },
              "parameters": [
                "Slime",
                ""
              ],
              "subInstructions": []
            },
            {
              "type": {
                "inverted": false,
                "value": "PlatformBehavior::SetCanJump"
              },
              "parameters": [
                "Astronauta",
                "PlatformerObject"
              ],
              "subInstructions": []
            },
            {
              "type": {
                "inverted": false,
                "value": "PlatformBehavior::SimulateJumpKey"
              },
              "parameters": [
                "Astronauta",
                "PlatformerObject"
              ],
              "subInstructions": []
            }
          ],
          "events": []
        },
        {
          "disabled": false,
          "folded": false,
          "type": "BuiltinCommonInstructions::Standard",
          "conditions": [
            {
              "type": {
                "inverted": false,
                "value": "CollisionNP"
              },
              "parameters": [
                "Astronauta",
                "Checkpoint",
                "",
                "",
                ""
              ],
              "subInstructions": []
            }
          ],
          "actions": [
            {
              "type": {
                "inverted": false,
                "value": "ModVarScene"
              },
              "parameters": [
                "checkpointX",
                "=",
                "Checkpoint.X()"
              ],
              "subInstructions": []
            },
            {
              "type": {
                "inverted": false,
                "value": "ModVarScene"
              },
              "parameters": [
                "checkpointY",
                "=",
                "Checkpoint.Y()"
              ],
              "subInstructions": []
            },
            {
              "type": {
                "inverted": false,
                "value": "SetAnimationName"
              },
              "parameters": [
                "Checkpoint",
                "\"Levantado\""
              ],
              "subInstructions": []
            }
          ],
          "events": []
        },
        {
          "disabled": false,
          "folded": false,
          "type": "BuiltinCommonInstructions::Standard",
          "conditions": [
            {
              "type": {
                "inverted": false,
                "value": "PlatformBehavior::IsOnFloor"
              },
              "parameters": [
                "Astronauta",
                "PlatformerObject"
              ],
              "subInstructions": []
            },
            {
              "type": {
                "inverted": false,
                "value": "CollisionNP"
              },
              "parameters": [
                "Astronauta",
                "Slime",
                "",
                "",
                ""
              ],
              "subInstructions": []
            }
          ],
          "actions": [
            {
              "type": {
                "inverted": false,
                "value": "MettreXY"
              },
              "parameters": [
                "Astronauta",
                "=",
                "Variable(checkpointX)",
                "=",
                "Variable(checkpointY) - (Astronauta.Height() - Checkpoint.Height())"
              ],
              "subInstructions": []
            }
          ],
          "events": []
        },
        {
          "disabled": false,
          "folded": false,
          "type": "BuiltinCommonInstructions::Standard",
          "conditions": [
            {
              "type": {
                "inverted": false,
                "value": "DepartScene"
              },
              "parameters": [
                ""
              ],
              "subInstructions": []
            }
          ],
          "actions": [
            {
              "type": {
                "inverted": false,
                "value": "ModVarScene"
              },
              "parameters": [
                "checkpointY",
                "=",
                "Checkpoint.Y()"
              ],
              "subInstructions": []
            },
            {
              "type": {
                "inverted": false,
                "value": "ModVarScene"
              },
              "parameters": [
                "checkpointX",
                "=",
                "Checkpoint.X()"
              ],
              "subInstructions": []
            }
          ],
          "events": []
        },
        {
          "disabled": false,
          "folded": false,
          "type": "BuiltinCommonInstructions::Standard",
          "conditions": [
            {
              "type": {
                "inverted": false,
                "value": "PosY"
              },
              "parameters": [
                "Astronauta",
                ">",
                "SceneWindowHeight()"
              ],
              "subInstructions": []
            }
          ],
          "actions": [
            {
              "type": {
                "inverted": false,
                "value": "MettreXY"
              },
              "parameters": [
                "Astronauta",
                "=",
                "Variable(checkpointX)",
                "=",
                "Variable(checkpointY) - (Astronauta.Height() - Checkpoint.Height())"
              ],
              "subInstructions": []
            }
          ],
          "events": []
        },
        {
          "disabled": false,
          "folded": false,
          "type": "BuiltinCommonInstructions::Standard",
          "conditions": [],
          "actions": [
            {
              "type": {
                "inverted": false,
                "value": "SetCameraX"
              },
              "parameters": [
                "",
                "=",
                "Astronauta.X()",
                "",
                ""
              ],
              "subInstructions": []
            }
          ],
          "events": []
        }
      ],
      "layers": [
        {
          "ambientLightColorB": 7666968,
          "ambientLightColorG": 6299456,
          "ambientLightColorR": 0,
          "followBaseLayerCamera": false,
          "isLightingLayer": false,
          "name": "",
          "visibility": true,
          "cameras": [
            {
              "defaultSize": true,
              "defaultViewport": true,
              "height": 0,
              "viewportBottom": 1,
              "viewportLeft": 0,
              "viewportRight": 1,
              "viewportTop": 0,
              "width": 0
            }
          ],
          "effects": []
        }
      ],
      "behaviorsSharedData": [
        {
          "name": "Platform",
          "type": "PlatformBehavior::PlatformBehavior"
        },
        {
          "name": "PlatformerObject",
          "type": "PlatformBehavior::PlatformerObjectBehavior"
        }
      ]
    }
  ],
  "externalEvents": [
    {
      "associatedLayout": "Hello",
      "lastChangeTimeStamp": 0,
      "name": "AstronautaAnimacao",
      "events": [
        {
          "disabled": false,
          "folded": false,
          "type": "BuiltinCommonInstructions::Standard",
          "conditions": [
            {
              "type": {
                "inverted": false,
                "value": "KeyPressed"
              },
              "parameters": [
                "",
                "Left"
              ],
              "subInstructions": []
            }
          ],
          "actions": [
            {
              "type": {
                "inverted": false,
                "value": "FlipX"
              },
              "parameters": [
                "Astronauta",
                "yes"
              ],
              "subInstructions": []
            }
          ],
          "events": []
        },
        {
          "disabled": false,
          "folded": false,
          "type": "BuiltinCommonInstructions::Standard",
          "conditions": [
            {
              "type": {
                "inverted": false,
                "value": "KeyPressed"
              },
              "parameters": [
                "",
                "Right"
              ],
              "subInstructions": []
            }
          ],
          "actions": [
            {
              "type": {
                "inverted": false,
                "value": "FlipX"
              },
              "parameters": [
                "Astronauta",
                "no"
              ],
              "subInstructions": []
            }
          ],
          "events": []
        },
        {
          "disabled": false,
          "folded": false,
          "type": "BuiltinCommonInstructions::Standard",
          "conditions": [
            {
              "type": {
                "inverted": false,
                "value": "PlatformBehavior::IsJumping"
              },
              "parameters": [
                "Astronauta",
                "PlatformerObject"
              ],
              "subInstructions": []
            }
          ],
          "actions": [
            {
              "type": {
                "inverted": false,
                "value": "SetAnimationName"
              },
              "parameters": [
                "Astronauta",
                "\"Pulando\""
              ],
              "subInstructions": []
            }
          ],
          "events": []
        },
        {
          "disabled": false,
          "folded": false,
          "type": "BuiltinCommonInstructions::Standard",
          "conditions": [
            {
              "type": {
                "inverted": false,
                "value": "PlatformBehavior::IsOnFloor"
              },
              "parameters": [
                "Astronauta",
                "PlatformerObject"
              ],
              "subInstructions": []
            },
            {
              "type": {
                "inverted": true,
                "value": "PlatformBehavior::IsMoving"
              },
              "parameters": [
                "Astronauta",
                "PlatformerObject"
              ],
              "subInstructions": []
            }
          ],
          "actions": [
            {
              "type": {
                "inverted": false,
                "value": "SetAnimationName"
              },
              "parameters": [
                "Astronauta",
                "\"Parado\""
              ],
              "subInstructions": []
            }
          ],
          "events": []
        },
        {
          "disabled": false,
          "folded": false,
          "type": "BuiltinCommonInstructions::Standard",
          "conditions": [
            {
              "type": {
                "inverted": false,
                "value": "PlatformBehavior::IsOnFloor"
              },
              "parameters": [
                "Astronauta",
                "PlatformerObject"
              ],
              "subInstructions": []
            },
            {
              "type": {
                "inverted": false,
                "value": "PlatformBehavior::IsMoving"
              },
              "parameters": [
                "Astronauta",
                "PlatformerObject"
              ],
              "subInstructions": []
            }
          ],
          "actions": [
            {
              "type": {
                "inverted": false,
                "value": "SetAnimationName"
              },
              "parameters": [
                "Astronauta",
                "\"Andando\""
              ],
              "subInstructions": []
            }
          ],
          "events": []
        }
      ]
    }
  ],
  "eventsFunctionsExtensions": [],
  "externalLayouts": [],
  "externalSourceFiles": []
}